{
    "Max Packet Length": {
        "algorithm": "ks",
        "pvalue": 0.3130803416915111,
        "statistic": 0.0037730702526731497,
        "thresholds": {
            "NO_DRIFT": [
                0.15,
                1
            ],
            "POSSIBLE_DRIFT": [
                0.05,
                0.15
            ],
            "DRIFT": [
                0,
                0.05
            ]
        },
        "drift_category": "NO_DRIFT"
    },
    "Packet Length Variance": {
        "algorithm": "ks",
        "pvalue": 0.0483420853463945,
        "statistic": 0.005352451071147901,
        "thresholds": {
            "NO_DRIFT": [
                0.15,
                1
            ],
            "POSSIBLE_DRIFT": [
                0.05,
                0.15
            ],
            "DRIFT": [
                0,
                0.05
            ]
        },
        "drift_category": "DRIFT"
    },
    "Packet Length Std": {
        "algorithm": "ks",
        "pvalue": 0.043926932801138685,
        "statistic": 0.005420902741423872,
        "thresholds": {
            "NO_DRIFT": [
                0.15,
                1
            ],
            "POSSIBLE_DRIFT": [
                0.05,
                0.15
            ],
            "DRIFT": [
                0,
                0.05
            ]
        },
        "drift_category": "DRIFT"
    },
    "Destination Port": {
        "algorithm": "ks",
        "pvalue": 0.9862465736902853,
        "statistic": 0.0017778942926816033,
        "thresholds": {
            "NO_DRIFT": [
                0.15,
                1
            ],
            "POSSIBLE_DRIFT": [
                0.05,
                0.15
            ],
            "DRIFT": [
                0,
                0.05
            ]
        },
        "drift_category": "NO_DRIFT"
    },
    "Avg Bwd Segment Size": {
        "algorithm": "ks",
        "pvalue": 0.15106803237826671,
        "statistic": 0.004457890557074018,
        "thresholds": {
            "NO_DRIFT": [
                0.15,
                1
            ],
            "POSSIBLE_DRIFT": [
                0.05,
                0.15
            ],
            "DRIFT": [
                0,
                0.05
            ]
        },
        "drift_category": "NO_DRIFT"
    },
    "Total Length of Fwd Packets": {
        "algorithm": "ks",
        "pvalue": 0.08763760003191334,
        "statistic": 0.004905889836285093,
        "thresholds": {
            "NO_DRIFT": [
                0.15,
                1
            ],
            "POSSIBLE_DRIFT": [
                0.05,
                0.15
            ],
            "DRIFT": [
                0,
                0.05
            ]
        },
        "drift_category": "POSSIBLE_DRIFT"
    },
    "Average Packet Size": {
        "algorithm": "ks",
        "pvalue": 0.003655950753077379,
        "statistic": 0.006966337835535907,
        "thresholds": {
            "NO_DRIFT": [
                0.15,
                1
            ],
            "POSSIBLE_DRIFT": [
                0.05,
                0.15
            ],
            "DRIFT": [
                0,
                0.05
            ]
        },
        "drift_category": "DRIFT"
    },
    "Bwd Packet Length Max": {
        "algorithm": "ks",
        "pvalue": 0.05432327629862865,
        "statistic": 0.005267877548682298,
        "thresholds": {
            "NO_DRIFT": [
                0.15,
                1
            ],
            "POSSIBLE_DRIFT": [
                0.05,
                0.15
            ],
            "DRIFT": [
                0,
                0.05
            ]
        },
        "drift_category": "POSSIBLE_DRIFT"
    },
    "Subflow Fwd Bytes": {
        "algorithm": "ks",
        "pvalue": 0.21376726010539648,
        "statistic": 0.004146565997718843,
        "thresholds": {
            "NO_DRIFT": [
                0.15,
                1
            ],
            "POSSIBLE_DRIFT": [
                0.05,
                0.15
            ],
            "DRIFT": [
                0,
                0.05
            ]
        },
        "drift_category": "NO_DRIFT"
    },
    "Total Length of Bwd Packets": {
        "algorithm": "ks",
        "pvalue": 0.42104841047909236,
        "statistic": 0.003451225166826666,
        "thresholds": {
            "NO_DRIFT": [
                0.15,
                1
            ],
            "POSSIBLE_DRIFT": [
                0.05,
                0.15
            ],
            "DRIFT": [
                0,
                0.05
            ]
        },
        "drift_category": "NO_DRIFT"
    },
    "Fwd Packet Length Max": {
        "algorithm": "ks",
        "pvalue": 0.0971718778656605,
        "statistic": 0.0048241489206865,
        "thresholds": {
            "NO_DRIFT": [
                0.15,
                1
            ],
            "POSSIBLE_DRIFT": [
                0.05,
                0.15
            ],
            "DRIFT": [
                0,
                0.05
            ]
        },
        "drift_category": "POSSIBLE_DRIFT"
    },
    "Subflow Bwd Bytes": {
        "algorithm": "ks",
        "pvalue": 0.11289751913143198,
        "statistic": 0.004702876556283264,
        "thresholds": {
            "NO_DRIFT": [
                0.15,
                1
            ],
            "POSSIBLE_DRIFT": [
                0.05,
                0.15
            ],
            "DRIFT": [
                0,
                0.05
            ]
        },
        "drift_category": "POSSIBLE_DRIFT"
    },
    "Bwd Packet Length Std": {
        "algorithm": "ks",
        "pvalue": 0.8238957595362153,
        "statistic": 0.002465870262670866,
        "thresholds": {
            "NO_DRIFT": [
                0.15,
                1
            ],
            "POSSIBLE_DRIFT": [
                0.05,
                0.15
            ],
            "DRIFT": [
                0,
                0.05
            ]
        },
        "drift_category": "NO_DRIFT"
    },
    "Init_Win_bytes_forward": {
        "algorithm": "ks",
        "pvalue": 0.1479385809732292,
        "statistic": 0.004475952600522581,
        "thresholds": {
            "NO_DRIFT": [
                0.15,
                1
            ],
            "POSSIBLE_DRIFT": [
                0.05,
                0.15
            ],
            "DRIFT": [
                0,
                0.05
            ]
        },
        "drift_category": "POSSIBLE_DRIFT"
    },
    "Packet Length Mean": {
        "algorithm": "ks",
        "pvalue": 0.0443644481239468,
        "statistic": 0.005413859515553399,
        "thresholds": {
            "NO_DRIFT": [
                0.15,
                1
            ],
            "POSSIBLE_DRIFT": [
                0.05,
                0.15
            ],
            "DRIFT": [
                0,
                0.05
            ]
        },
        "drift_category": "DRIFT"
    },
    "Fwd Packet Length Mean": {
        "algorithm": "ks",
        "pvalue": 0.1679815189864159,
        "statistic": 0.004365147670881808,
        "thresholds": {
            "NO_DRIFT": [
                0.15,
                1
            ],
            "POSSIBLE_DRIFT": [
                0.05,
                0.15
            ],
            "DRIFT": [
                0,
                0.05
            ]
        },
        "drift_category": "NO_DRIFT"
    },
    "Bwd Packet Length Mean": {
        "algorithm": "ks",
        "pvalue": 0.12534391918852616,
        "statistic": 0.00461642340865398,
        "thresholds": {
            "NO_DRIFT": [
                0.15,
                1
            ],
            "POSSIBLE_DRIFT": [
                0.05,
                0.15
            ],
            "DRIFT": [
                0,
                0.05
            ]
        },
        "drift_category": "POSSIBLE_DRIFT"
    },